channel_name,markov_result,first_touch,last_touch,linear_touch,total_cost,channel_weight,cost_weight,roas,optimal_budget,CPA
Facebook,81.5946042345761,88,84,85.2375638250638,1481.7,0.2967076517620949,0.3050836988078325,0.9725450849112278,1441.0200523129663,18.15928901058537
Instagram,45.572222607523955,32,31,32.059509121147045,641.2,0.16571717311826892,0.13202380217019788,1.255206791458978,804.8385946834967,14.069974280651788
Online Display,34.69276040066977,30,35,31.971697268248988,554.9,0.12615549236607188,0.1142545349723063,1.1041617945112656,612.6993797743013,15.994691503109312
Online Video,44.43605037104557,48,52,48.7226911976912,991.8,0.16158563771289297,0.20421273704367163,0.7912613094174302,784.7729666802072,22.319715449918895
Paid Search,68.70436238618463,77,73,77.00853858784895,1187.1,0.24983404504067136,0.2444252270059917,1.0221287225583595,1213.3690065490284,17.278378821527454
